employee_id;assesment link
77491;youtube.com
84576;https://example.com/assessments
85830;https://example.com/assessments
73544;https://example.com/assessments
3765;https://example.com/assessments
7623;https://example.com/assessments
90009;https://example.com/assessments
86852;https://example.com/assessments
2783;https://example.com/assessments
8870;https://example.com/assessments
4115;https://example.com/assessments
85891;https://example.com/assessments
3359;https://example.com/assessments
88445;https://example.com/assessments
29023;https://example.com/assessments
3915;https://example.com/assessments
5919;https://example.com/assessments
37236;https://example.com/assessments
90844;https://example.com/assessments
87853;https://example.com/assessments
89652;https://example.com/assessments
91068;https://example.com/assessments
2168;https://example.com/assessments
4773;https://example.com/assessments
83822;https://example.com/assessments
28879;https://example.com/assessments
5968;https://example.com/assessments
5770;https://example.com/assessments
84630;https://example.com/assessments
2679;https://example.com/assessments
8525;https://example.com/assessments
88247;https://example.com/assessments
90521;https://example.com/assessments
88436;https://example.com/assessments
21725;https://example.com/assessments
100414;https://example.com/assessments
100443;https://example.com/assessments
52474;https://example.com/assessments
25489;https://example.com/assessments
37846;https://example.com/assessments
14870;https://example.com/assessments
6417;https://example.com/assessments
89698;https://example.com/assessments
75071;https://example.com/assessments
7842;https://example.com/assessments
6466;https://example.com/assessments
3308;https://example.com/assessments
5362;https://example.com/assessments
1916;https://example.com/assessments
82252;https://example.com/assessments
88401;https://example.com/assessments
84908;https://example.com/assessments
2569;https://example.com/assessments
88836;https://example.com/assessments
100531;https://example.com/assessments
3772;https://example.com/assessments
84699;https://example.com/assessments
11849;https://example.com/assessments
88638;https://example.com/assessments
70821;https://example.com/assessments
84841;https://example.com/assessments
88885;https://example.com/assessments
4758;https://example.com/assessments
86561;https://example.com/assessments
25360;https://example.com/assessments
90603;https://example.com/assessments
4926;https://example.com/assessments
87040;https://example.com/assessments
2607;https://example.com/assessments
100550;https://example.com/assessments
90074;https://example.com/assessments
100560;https://example.com/assessments
90593;https://example.com/assessments
8248;https://example.com/assessments
7739;https://example.com/assessments
8692;https://example.com/assessments
90694;https://example.com/assessments
2370;https://example.com/assessments
6260;https://example.com/assessments
86884;https://example.com/assessments
54186;https://example.com/assessments
54035;https://example.com/assessments
85611;https://example.com/assessments
86192;https://example.com/assessments
23274;https://example.com/assessments
89472;https://example.com/assessments
89362;https://example.com/assessments
3273;https://example.com/assessments
25514;https://example.com/assessments
85573;https://example.com/assessments
16248;https://example.com/assessments
3368;https://example.com/assessments
5757;https://example.com/assessments
90772;https://example.com/assessments
86814;https://example.com/assessments
5400;https://example.com/assessments
12587;https://example.com/assessments
34686;https://example.com/assessments
5180;https://example.com/assessments
85872;https://example.com/assessments
90769;https://example.com/assessments
1764;https://example.com/assessments
89145;https://example.com/assessments
86528;https://example.com/assessments
8207;https://example.com/assessments
3957;https://example.com/assessments
79870;https://example.com/assessments
100490;https://example.com/assessments
88674;https://example.com/assessments
2094;https://example.com/assessments
15139;https://example.com/assessments
100416;https://example.com/assessments
54568;https://example.com/assessments
66339;https://example.com/assessments
89307;https://example.com/assessments
13764;https://example.com/assessments
84307;https://example.com/assessments
88917;https://example.com/assessments
89530;https://example.com/assessments
82259;https://example.com/assessments
23152;https://example.com/assessments
86537;https://example.com/assessments
7819;https://example.com/assessments
90596;https://example.com/assessments
37199;https://example.com/assessments
2505;https://example.com/assessments
89364;https://example.com/assessments
90751;https://example.com/assessments
90482;https://example.com/assessments
14492;https://example.com/assessments
88730;https://example.com/assessments
79743;https://example.com/assessments
87376;https://example.com/assessments
7662;https://example.com/assessments
4927;https://example.com/assessments
2556;https://example.com/assessments
74200;https://example.com/assessments
89916;https://example.com/assessments
7663;https://example.com/assessments
2555;https://example.com/assessments
90883;https://example.com/assessments
91080;https://example.com/assessments
80667;https://example.com/assessments
37807;https://example.com/assessments
2720;https://example.com/assessments
4192;https://example.com/assessments
89703;https://example.com/assessments
26326;https://example.com/assessments
33895;https://example.com/assessments
53886;https://example.com/assessments
17866;https://example.com/assessments
20183;https://example.com/assessments
13430;https://example.com/assessments
100534;https://example.com/assessments
100533;https://example.com/assessments
90550;https://example.com/assessments
100376;https://example.com/assessments
100511;https://example.com/assessments
8094;https://example.com/assessments
8043;https://example.com/assessments
87677;https://example.com/assessments
1125;https://example.com/assessments
84700;https://example.com/assessments
85928;https://example.com/assessments
2045;https://example.com/assessments
27886;https://example.com/assessments
90079;https://example.com/assessments
5458;https://example.com/assessments
1252;https://example.com/assessments
5364;https://example.com/assessments
2941;https://example.com/assessments
4844;https://example.com/assessments
89841;https://example.com/assessments
37818;https://example.com/assessments
33322;https://example.com/assessments
2874;https://example.com/assessments
31555;https://example.com/assessments
6285;https://example.com/assessments
5417;https://example.com/assessments
5950;https://example.com/assessments
2680;https://example.com/assessments
6313;https://example.com/assessments
8085;https://example.com/assessments
24542;https://example.com/assessments
31408;https://example.com/assessments
89594;https://example.com/assessments
6421;https://example.com/assessments
76322;https://example.com/assessments
2998;https://example.com/assessments
53496;https://example.com/assessments
89593;https://example.com/assessments
89954;https://example.com/assessments
6154;https://example.com/assessments
88639;https://example.com/assessments
51448;https://example.com/assessments
82034;https://example.com/assessments
90833;https://example.com/assessments
6102;https://example.com/assessments
89099;https://example.com/assessments
2514;https://example.com/assessments
23217;https://example.com/assessments
87369;https://example.com/assessments
3526;https://example.com/assessments
7521;https://example.com/assessments
90077;https://example.com/assessments
82112;https://example.com/assessments
90146;https://example.com/assessments
5775;https://example.com/assessments
8687;https://example.com/assessments
25028;https://example.com/assessments
3498;https://example.com/assessments
82671;https://example.com/assessments
100422;https://example.com/assessments
2761;https://example.com/assessments
88373;https://example.com/assessments
86447;https://example.com/assessments
37121;https://example.com/assessments
90266;https://example.com/assessments
100372;https://example.com/assessments
2057;https://example.com/assessments
6217;https://example.com/assessments
82893;https://example.com/assessments
90551;https://example.com/assessments
90755;https://example.com/assessments
90263;https://example.com/assessments
81272;https://example.com/assessments
90341;https://example.com/assessments
88838;https://example.com/assessments
5238;https://example.com/assessments
28829;https://example.com/assessments
32007;https://example.com/assessments
89799;https://example.com/assessments
87829;https://example.com/assessments
82257;https://example.com/assessments
6311;https://example.com/assessments
86538;https://example.com/assessments
84251;https://example.com/assessments
8211;https://example.com/assessments
5803;https://example.com/assessments
85067;https://example.com/assessments
3176;https://example.com/assessments
3179;https://example.com/assessments
82482;https://example.com/assessments
88629;https://example.com/assessments
22317;https://example.com/assessments
88820;https://example.com/assessments
3207;https://example.com/assessments
5398;https://example.com/assessments
5652;https://example.com/assessments
68616;https://example.com/assessments
2850;https://example.com/assessments
86802;https://example.com/assessments
14159;https://example.com/assessments
87036;https://example.com/assessments
6306;https://example.com/assessments
89706;https://example.com/assessments
6422;https://example.com/assessments
5201;https://example.com/assessments
31092;https://example.com/assessments
5202;https://example.com/assessments
7653;https://example.com/assessments
86951;https://example.com/assessments
9404;https://example.com/assessments
39581;https://example.com/assessments
87283;https://example.com/assessments
90145;https://example.com/assessments
1829;https://example.com/assessments
42922;https://example.com/assessments
81373;https://example.com/assessments
2075;https://example.com/assessments
90188;https://example.com/assessments
90609;https://example.com/assessments
37819;https://example.com/assessments
89832;https://example.com/assessments
100530;https://example.com/assessments
84912;https://example.com/assessments
4885;https://example.com/assessments
91086;https://example.com/assessments
33787;https://example.com/assessments
90788;https://example.com/assessments
90143;https://example.com/assessments
5998;https://example.com/assessments
7695;https://example.com/assessments
90927;https://example.com/assessments
13885;https://example.com/assessments
9568;https://example.com/assessments
100568;https://example.com/assessments
88592;https://example.com/assessments
90766;https://example.com/assessments
82659;https://example.com/assessments
90767;https://example.com/assessments
90327;https://example.com/assessments
90328;https://example.com/assessments
2072;https://example.com/assessments
4772;https://example.com/assessments
4144;https://example.com/assessments
89772;https://example.com/assessments
86750;https://example.com/assessments
1855;https://example.com/assessments
8543;https://example.com/assessments
8606;https://example.com/assessments
2848;https://example.com/assessments
7635;https://example.com/assessments
8158;https://example.com/assessments
90841;https://example.com/assessments
80385;https://example.com/assessments
87724;https://example.com/assessments
90385;https://example.com/assessments
89141;https://example.com/assessments
1854;https://example.com/assessments
87231;https://example.com/assessments
87079;https://example.com/assessments
1847;https://example.com/assessments
87358;https://example.com/assessments
90137;https://example.com/assessments
90394;https://example.com/assessments
77628;https://example.com/assessments
71543;https://example.com/assessments
68656;https://example.com/assessments
2766;https://example.com/assessments
89218;https://example.com/assessments
90381;https://example.com/assessments
90413;https://example.com/assessments
89471;https://example.com/assessments
7797;https://example.com/assessments
89716;https://example.com/assessments
86059;https://example.com/assessments
100532;https://example.com/assessments
89774;https://example.com/assessments
89329;https://example.com/assessments
88168;https://example.com/assessments
82895;https://example.com/assessments
89842;https://example.com/assessments
73540;https://example.com/assessments
84646;https://example.com/assessments
42105;https://example.com/assessments
7989;https://example.com/assessments
7991;https://example.com/assessments
86787;https://example.com/assessments
88626;https://example.com/assessments
52964;https://example.com/assessments
52723;https://example.com/assessments
5305;https://example.com/assessments
1938;https://example.com/assessments
88432;https://example.com/assessments
88433;https://example.com/assessments
3120;https://example.com/assessments
7640;https://example.com/assessments
1969;https://example.com/assessments
83615;https://example.com/assessments
87610;https://example.com/assessments
4703;https://example.com/assessments
5616;https://example.com/assessments
78447;https://example.com/assessments
1455;https://example.com/assessments
91218;https://example.com/assessments
100510;https://example.com/assessments
88755;https://example.com/assessments
5494;https://example.com/assessments
36971;https://example.com/assessments
87662;https://example.com/assessments
90185;https://example.com/assessments
86231;https://example.com/assessments
6003;https://example.com/assessments
87617;https://example.com/assessments
90888;https://example.com/assessments
3830;https://example.com/assessments
89179;https://example.com/assessments
87365;https://example.com/assessments
89327;https://example.com/assessments
82765;https://example.com/assessments
1463;https://example.com/assessments
6235;https://example.com/assessments
80204;https://example.com/assessments
90599;https://example.com/assessments
100535;https://example.com/assessments
83258;https://example.com/assessments
89143;https://example.com/assessments
90075;https://example.com/assessments
89409;https://example.com/assessments
90610;https://example.com/assessments
88074;https://example.com/assessments
87860;https://example.com/assessments
90334;https://example.com/assessments
100558;https://example.com/assessments
21467;https://example.com/assessments
90332;https://example.com/assessments
86749;https://example.com/assessments
77829;https://example.com/assessments
85506;https://example.com/assessments
84223;https://example.com/assessments
41447;https://example.com/assessments
83259;https://example.com/assessments
91154;https://example.com/assessments
91153;https://example.com/assessments
1303;https://example.com/assessments
38546;https://example.com/assessments
5802;https://example.com/assessments
90104;https://example.com/assessments
89912;https://example.com/assessments
90488;https://example.com/assessments
37469;https://example.com/assessments
100415;https://example.com/assessments
82665;https://example.com/assessments
1992;https://example.com/assessments
85507;https://example.com/assessments
2785;https://example.com/assessments
89595;https://example.com/assessments
39484;https://example.com/assessments
90624;https://example.com/assessments
86941;https://example.com/assessments
86184;https://example.com/assessments
1991;https://example.com/assessments
10489;https://example.com/assessments
54056;https://example.com/assessments
3558;https://example.com/assessments
89963;https://example.com/assessments
81485;https://example.com/assessments
87124;https://example.com/assessments
88779;https://example.com/assessments
28307;https://example.com/assessments
90862;https://example.com/assessments
21991;https://example.com/assessments
4847;https://example.com/assessments
87887;https://example.com/assessments
90520;https://example.com/assessments
4779;https://example.com/assessments
89047;https://example.com/assessments
40438;https://example.com/assessments
90277;https://example.com/assessments
2410;https://example.com/assessments
40210;https://example.com/assessments
86692;https://example.com/assessments
3246;https://example.com/assessments
2345;https://example.com/assessments
83881;https://example.com/assessments
87663;https://example.com/assessments
90598;https://example.com/assessments
90268;https://example.com/assessments
90269;https://example.com/assessments
22751;https://example.com/assessments
82433;https://example.com/assessments
22585;https://example.com/assessments
2171;https://example.com/assessments
5752;https://example.com/assessments
12693;https://example.com/assessments
6185;https://example.com/assessments
12960;https://example.com/assessments
13415;https://example.com/assessments
16513;https://example.com/assessments
8153;https://example.com/assessments
2405;https://example.com/assessments
1340;https://example.com/assessments
90148;https://example.com/assessments
6278;https://example.com/assessments
90928;https://example.com/assessments
8508;https://example.com/assessments
5921;https://example.com/assessments
2407;https://example.com/assessments
90105;https://example.com/assessments
90113;https://example.com/assessments
42116;https://example.com/assessments
37303;https://example.com/assessments
8820;https://example.com/assessments
85859;https://example.com/assessments
4705;https://example.com/assessments
73770;https://example.com/assessments
89908;https://example.com/assessments
33850;https://example.com/assessments
6307;https://example.com/assessments
18448;https://example.com/assessments
90418;https://example.com/assessments
34362;https://example.com/assessments
12615;https://example.com/assessments
2403;https://example.com/assessments
6096;https://example.com/assessments
2936;https://example.com/assessments
87499;https://example.com/assessments
6384;https://example.com/assessments
84995;https://example.com/assessments
1725;https://example.com/assessments
2815;https://example.com/assessments
73573;https://example.com/assessments
31152;https://example.com/assessments
7650;https://example.com/assessments
90601;https://example.com/assessments
40487;https://example.com/assessments
1731;https://example.com/assessments
18499;https://example.com/assessments
7644;https://example.com/assessments
31086;https://example.com/assessments
88847;https://example.com/assessments
34653;https://example.com/assessments
2372;https://example.com/assessments
90459;https://example.com/assessments
